[{"model": "aides.filiere", "pk": 1, "fields": {"nom": "Grandes cultures", "position": 1, "code_naf": "01.11"}}, {"model": "aides.filiere", "pk": 2, "fields": {"nom": "Cultures fourragères", "position": 2, "code_naf": "01.62"}}, {"model": "aides.filiere", "pk": 3, "fields": {"nom": "Cultures légumières", "position": 3, "code_naf": "01.13"}}, {"model": "aides.filiere", "pk": 4, "fields": {"nom": "Culture de plantes à fibre", "position": 4, "code_naf": "01.16"}}, {"model": "aides.filiere", "pk": 5, "fields": {"nom": "Vigne", "position": 5, "code_naf": "01.21"}}, {"model": "aides.filiere", "pk": 6, "fields": {"nom": "Arboriculture", "position": 6, "code_naf": "01.22"}}, {"model": "aides.filiere", "pk": 7, "fields": {"nom": "Horticulture", "position": 7, "code_naf": "01.19"}}, {"model": "aides.filiere", "pk": 8, "fields": {"nom": "Semences et plants", "position": 8, "code_naf": "01.30"}}, {"model": "aides.filiere", "pk": 9, "fields": {"nom": "Houblon", "position": 9, "code_naf": "01.19"}}, {"model": "aides.filiere", "pk": 10, "fields": {"nom": "Plantes à parfum, aromatiques et médicinales (PPAM)", "position": 10, "code_naf": "01.13"}}, {"model": "aides.filiere", "pk": 11, "fields": {"nom": "Elevage bovin", "position": 11, "code_naf": "01.41"}}, {"model": "aides.filiere", "pk": 12, "fields": {"nom": "Elevage équin", "position": 12, "code_naf": "01.43"}}, {"model": "aides.filiere", "pk": 13, "fields": {"nom": "Elevage (autres)", "position": 16, "code_naf": "01.44"}}, {"model": "aides.filiere", "pk": 14, "fields": {"nom": "Elevage ovin et caprin", "position": 14, "code_naf": "01.45"}}, {"model": "aides.filiere", "pk": 15, "fields": {"nom": "Elevage porcin", "position": 15, "code_naf": "01.46"}}, {"model": "aides.filiere", "pk": 16, "fields": {"nom": "Elevage volaille", "position": 13, "code_naf": "01.47"}}, {"model": "aides.filiere", "pk": 17, "fields": {"nom": "Apiculture", "position": 17, "code_naf": "01.48"}}, {"model": "aides.filiere", "pk": 21, "fields": {"nom": "Cultures pour services à l'environnement", "position": 18, "code_naf": ""}}, {"model": "aides.filiere", "pk": 22, "fields": {"nom": "Autres activités de diversification", "position": 19, "code_naf": ""}}, {"model": "aides.sousfiliere", "pk": 1, "fields": {"nom": "Culture de la canne à sucre", "filiere": 1}}, {"model": "aides.sousfiliere", "pk": 2, "fields": {"nom": "Tubercules", "filiere": 1}}, {"model": "aides.sousfiliere", "pk": 3, "fields": {"nom": "Élevage de porcins", "filiere": 15}}, {"model": "aides.sousfiliere", "pk": 4, "fields": {"nom": "Maïs doux", "filiere": 3}}, {"model": "aides.sousfiliere", "pk": 5, "fields": {"nom": "Raisins de table", "filiere": 5}}, {"model": "aides.sousfiliere", "pk": 6, "fields": {"nom": "Culture de plants", "filiere": 8}}, {"model": "aides.sousfiliere", "pk": 7, "fields": {"nom": "Fruits à noyau", "filiere": 6}}, {"model": "aides.sousfiliere", "pk": 8, "fields": {"nom": "Élevage d’ovins et de caprins", "filiere": 14}}, {"model": "aides.sousfiliere", "pk": 9, "fields": {"nom": "Lin textile", "filiere": 4}}, {"model": "aides.sousfiliere", "pk": 10, "fields": {"nom": "Production d'energie", "filiere": 22}}, {"model": "aides.sousfiliere", "pk": 11, "fields": {"nom": "Élevage de lapins", "filiere": 16}}, {"model": "aides.sousfiliere", "pk": 12, "fields": {"nom": "Raisins à vin", "filiere": 5}}, {"model": "aides.sousfiliere", "pk": 13, "fields": {"nom": "Légumes à cosse", "filiere": 3}}, {"model": "aides.sousfiliere", "pk": 14, "fields": {"nom": "Maïs fourrage", "filiere": 2}}, {"model": "aides.sousfiliere", "pk": 15, "fields": {"nom": "Élevage d'animaux de compagnie et d'autres animaux n.c.a.", "filiere": 13}}, {"model": "aides.sousfiliere", "pk": 16, "fields": {"nom": "Élevage d’autres animaux", "filiere": 13}}, {"model": "aides.sousfiliere", "pk": 17, "fields": {"nom": "Cultures florales", "filiere": 7}}, {"model": "aides.sousfiliere", "pk": 18, "fields": {"nom": "Élevage de chameaux et d’autres camélidés", "filiere": 13}}, {"model": "aides.sousfiliere", "pk": 19, "fields": {"nom": "Vanille", "filiere": 10}}, {"model": "aides.sousfiliere", "pk": 20, "fields": {"nom": "Culture du riz", "filiere": 1}}, {"model": "aides.sousfiliere", "pk": 21, "fields": {"nom": "Fruits à pépin", "filiere": 6}}, {"model": "aides.sousfiliere", "pk": 22, "fields": {"nom": "Culture feuillus et à tige", "filiere": 3}}, {"model": "aides.sousfiliere", "pk": 23, "fields": {"nom": "Baies", "filiere": 6}}, {"model": "aides.sousfiliere", "pk": 24, "fields": {"nom": "Culture du tabac", "filiere": 1}}, {"model": "aides.sousfiliere", "pk": 25, "fields": {"nom": "Fruits oléagineux", "filiere": 6}}, {"model": "aides.sousfiliere", "pk": 26, "fields": {"nom": "Luzerne", "filiere": 2}}, {"model": "aides.sousfiliere", "pk": 27, "fields": {"nom": "Culture de semences", "filiere": 8}}, {"model": "aides.sousfiliere", "pk": 28, "fields": {"nom": "Culture de céréales (hors riz)", "filiere": 1}}, {"model": "aides.sousfiliere", "pk": 29, "fields": {"nom": "Agrumes", "filiere": 6}}, {"model": "aides.sousfiliere", "pk": 30, "fields": {"nom": "Autres légumes frais", "filiere": 3}}, {"model": "aides.sousfiliere", "pk": 31, "fields": {"nom": "Élevage de volailles", "filiere": 16}}, {"model": "aides.sousfiliere", "pk": 32, "fields": {"nom": "Transformation à la ferme", "filiere": 22}}, {"model": "aides.sousfiliere", "pk": 33, "fields": {"nom": "Champignons et truffes", "filiere": 3}}, {"model": "aides.sousfiliere", "pk": 34, "fields": {"nom": "Élevage de vaches laitières", "filiere": 11}}, {"model": "aides.sousfiliere", "pk": 35, "fields": {"nom": "Chanvre textile et industriel", "filiere": 4}}, {"model": "aides.sousfiliere", "pk": 36, "fields": {"nom": "PPAM - cultures légumières", "filiere": 10}}, {"model": "aides.sousfiliere", "pk": 37, "fields": {"nom": "Cultures de légumes cultivés pour le fruit", "filiere": 3}}, {"model": "aides.sousfiliere", "pk": 38, "fields": {"nom": "PPAM Permanentes", "filiere": 10}}, {"model": "aides.sousfiliere", "pk": 39, "fields": {"nom": "Élevage de chevaux et d’autres équidés", "filiere": 12}}, {"model": "aides.sousfiliere", "pk": 40, "fields": {"nom": "Fruits à coque", "filiere": 6}}, {"model": "aides.sousfiliere", "pk": 41, "fields": {"nom": "Élevage d’autres bovins et de buffles", "filiere": 11}}, {"model": "aides.sousfiliere", "pk": 42, "fields": {"nom": "Figues", "filiere": 6}}, {"model": "aides.sousfiliere", "pk": 43, "fields": {"nom": "Culture de graines oléagineuses", "filiere": 1}}, {"model": "aides.sousfiliere", "pk": 44, "fields": {"nom": "Apiculture", "filiere": 17}}, {"model": "aides.sousfiliere", "pk": 45, "fields": {"nom": "Culture de fruits tropicaux et subtropicaux", "filiere": 6}}, {"model": "aides.sousfiliere", "pk": 46, "fields": {"nom": "Racines bulbes et tubercules", "filiere": 3}}, {"model": "aides.sousfiliere", "pk": 47, "fields": {"nom": "Autres plantes à fibre", "filiere": 4}}, {"model": "aides.sousfiliere", "pk": 48, "fields": {"nom": "Activité de tourisme", "filiere": 22}}, {"model": "aides.sousfiliere", "pk": 49, "fields": {"nom": "Autres cultures permanentes", "filiere": null}}, {"model": "aides.sousfiliere", "pk": 50, "fields": {"nom": "Insectes, grenouilles, escargots…", "filiere": 13}}, {"model": "aides.sousfiliere", "pk": 51, "fields": {"nom": "Houblon", "filiere": 9}}, {"model": "aides.sousfiliere", "pk": 52, "fields": {"nom": "Lavande, lavandin", "filiere": 10}}, {"model": "aides.sousfiliere", "pk": 53, "fields": {"nom": "Autres cultures non permanentes", "filiere": null}}, {"model": "aides.sousfiliere", "pk": 54, "fields": {"nom": "Choux", "filiere": 2}}, {"model": "aides.sousfiliere", "pk": 55, "fields": {"nom": "Cultures de légumes secs et protéagineux", "filiere": 1}}, {"model": "aides.sousfiliere", "pk": 56, "fields": {"nom": "Autres activités de diversification", "filiere": 22}}, {"model": "aides.sousfiliere", "pk": 57, "fields": {"nom": "Cultures industrielles", "filiere": 1}}, {"model": "aides.production", "pk": 1, "fields": {"nom": "Blé tendre ou blé dur", "sous_filiere": 28}}, {"model": "aides.production", "pk": 2, "fields": {"nom": "seigle et méteil", "sous_filiere": 28}}, {"model": "aides.production", "pk": 3, "fields": {"nom": "Orge et escourgeon", "sous_filiere": 28}}, {"model": "aides.production", "pk": 4, "fields": {"nom": "Avoine", "sous_filiere": 28}}, {"model": "aides.production", "pk": 5, "fields": {"nom": "Maïs grain ou semence", "sous_filiere": 28}}, {"model": "aides.production", "pk": 6, "fields": {"nom": "Sorgho, triticale", "sous_filiere": 28}}, {"model": "aides.production", "pk": 7, "fields": {"nom": "Autres céréales", "sous_filiere": 28}}, {"model": "aides.production", "pk": 8, "fields": {"nom": "Colza", "sous_filiere": 43}}, {"model": "aides.production", "pk": 9, "fields": {"nom": "Tournesol", "sous_filiere": 43}}, {"model": "aides.production", "pk": 10, "fields": {"nom": "Soja", "sous_filiere": 43}}, {"model": "aides.production", "pk": 11, "fields": {"nom": "Lin", "sous_filiere": 43}}, {"model": "aides.production", "pk": 12, "fields": {"nom": "Autres oléagineux", "sous_filiere": 43}}, {"model": "aides.production", "pk": 13, "fields": {"nom": "Légumes cosses d'origine tropicales", "sous_filiere": 55}}, {"model": "aides.production", "pk": 14, "fields": {"nom": "Féveroles et fèves", "sous_filiere": 55}}, {"model": "aides.production", "pk": 15, "fields": {"nom": "Haricots secs", "sous_filiere": 55}}, {"model": "aides.production", "pk": 16, "fields": {"nom": "Lentilles", "sous_filiere": 55}}, {"model": "aides.production", "pk": 17, "fields": {"nom": "Pois protéagineux", "sous_filiere": 55}}, {"model": "aides.production", "pk": 18, "fields": {"nom": "Pois chiches", "sous_filiere": 55}}, {"model": "aides.production", "pk": 19, "fields": {"nom": "Autres", "sous_filiere": 55}}, {"model": "aides.production", "pk": 20, "fields": {"nom": "Lupin doux", "sous_filiere": 55}}, {"model": "aides.production", "pk": 21, "fields": {"nom": "Riz", "sous_filiere": 20}}, {"model": "aides.production", "pk": 22, "fields": {"nom": "Betteraves", "sous_filiere": 57}}, {"model": "aides.production", "pk": 23, "fields": {"nom": "Chicorée à café", "sous_filiere": 57}}, {"model": "aides.production", "pk": 24, "fields": {"nom": "Persil, Basilic, Oeillette, fenouil, sauge sclarée…", "sous_filiere": 36}}, {"model": "aides.production", "pk": 25, "fields": {"nom": "Pomme de terre (fraiche ou industrielle)", "sous_filiere": 2}}, {"model": "aides.production", "pk": 26, "fields": {"nom": "Igname, manioc", "sous_filiere": 2}}, {"model": "aides.production", "pk": 27, "fields": {"nom": "Autres tubercules", "sous_filiere": 2}}, {"model": "aides.production", "pk": 28, "fields": {"nom": "Artichauts", "sous_filiere": 22}}, {"model": "aides.production", "pk": 29, "fields": {"nom": "Asperges en production", "sous_filiere": 22}}, {"model": "aides.production", "pk": 30, "fields": {"nom": "Céleris branches", "sous_filiere": 22}}, {"model": "aides.production", "pk": 31, "fields": {"nom": "Choux-fleurs", "sous_filiere": 22}}, {"model": "aides.production", "pk": 32, "fields": {"nom": "Choux de Bruxelles, à choucroute, autres", "sous_filiere": 22}}, {"model": "aides.production", "pk": 33, "fields": {"nom": "Endives", "sous_filiere": 22}}, {"model": "aides.production", "pk": 34, "fields": {"nom": "Epinards", "sous_filiere": 22}}, {"model": "aides.production", "pk": 35, "fields": {"nom": "Poireaux", "sous_filiere": 22}}, {"model": "aides.production", "pk": 36, "fields": {"nom": "Chicorées", "sous_filiere": 22}}, {"model": "aides.production", "pk": 37, "fields": {"nom": "Cresson", "sous_filiere": 22}}, {"model": "aides.production", "pk": 38, "fields": {"nom": "Mâche", "sous_filiere": 22}}, {"model": "aides.production", "pk": 39, "fields": {"nom": "Autres salades", "sous_filiere": 22}}, {"model": "aides.production", "pk": 40, "fields": {"nom": "Bettes, cardres, brèdes", "sous_filiere": 22}}, {"model": "aides.production", "pk": 41, "fields": {"nom": "Fraises", "sous_filiere": 37}}, {"model": "aides.production", "pk": 42, "fields": {"nom": "Aubergine", "sous_filiere": 37}}, {"model": "aides.production", "pk": 43, "fields": {"nom": "Banane plantain", "sous_filiere": 37}}, {"model": "aides.production", "pk": 44, "fields": {"nom": "Concombres", "sous_filiere": 37}}, {"model": "aides.production", "pk": 45, "fields": {"nom": "Courgettes", "sous_filiere": 37}}, {"model": "aides.production", "pk": 46, "fields": {"nom": "Melons", "sous_filiere": 37}}, {"model": "aides.production", "pk": 47, "fields": {"nom": "Poivrons et piments", "sous_filiere": 37}}, {"model": "aides.production", "pk": 48, "fields": {"nom": "Potirons, courges, citrouilles…", "sous_filiere": 37}}, {"model": "aides.production", "pk": 49, "fields": {"nom": "Tomates", "sous_filiere": 37}}, {"model": "aides.production", "pk": 50, "fields": {"nom": "Ail", "sous_filiere": 46}}, {"model": "aides.production", "pk": 51, "fields": {"nom": "Bettaraves potagères", "sous_filiere": 46}}, {"model": "aides.production", "pk": 52, "fields": {"nom": "Carottes", "sous_filiere": 46}}, {"model": "aides.production", "pk": 53, "fields": {"nom": "Céleris raves", "sous_filiere": 46}}, {"model": "aides.production", "pk": 54, "fields": {"nom": "Echalotte", "sous_filiere": 46}}, {"model": "aides.production", "pk": 55, "fields": {"nom": "Navets", "sous_filiere": 46}}, {"model": "aides.production", "pk": 56, "fields": {"nom": "Oignons", "sous_filiere": 46}}, {"model": "aides.production", "pk": 57, "fields": {"nom": "Radis", "sous_filiere": 46}}, {"model": "aides.production", "pk": 58, "fields": {"nom": "Salsifis et scorsonères", "sous_filiere": 46}}, {"model": "aides.production", "pk": 59, "fields": {"nom": "Petits pois", "sous_filiere": 13}}, {"model": "aides.production", "pk": 60, "fields": {"nom": "Haricots à écosser", "sous_filiere": 13}}, {"model": "aides.production", "pk": 61, "fields": {"nom": "Haricots verts", "sous_filiere": 13}}, {"model": "aides.production", "pk": 62, "fields": {"nom": "Pépinières florales", "sous_filiere": 17}}, {"model": "aides.production", "pk": 63, "fields": {"nom": "Bulbiculture", "sous_filiere": 17}}, {"model": "aides.production", "pk": 64, "fields": {"nom": "fleurs et feuillages coupés", "sous_filiere": 17}}, {"model": "aides.production", "pk": 65, "fields": {"nom": "plantes en pots fleuries et plantes vertes", "sous_filiere": 17}}, {"model": "aides.production", "pk": 66, "fields": {"nom": "plantes à massif, plantes vivaces", "sous_filiere": 17}}, {"model": "aides.production", "pk": 67, "fields": {"nom": "Bananes", "sous_filiere": 45}}, {"model": "aides.production", "pk": 68, "fields": {"nom": "Autres fruits tropicaux et subtropicaux", "sous_filiere": 45}}, {"model": "aides.production", "pk": 69, "fields": {"nom": "Abricots", "sous_filiere": 7}}, {"model": "aides.production", "pk": 70, "fields": {"nom": "Bigarreaux, griottes et autres cerises", "sous_filiere": 7}}, {"model": "aides.production", "pk": 71, "fields": {"nom": "Pêches, nectarines, brugnons, pavies", "sous_filiere": 7}}, {"model": "aides.production", "pk": 72, "fields": {"nom": "Prunes (prunes à pruneaux, mirabelles, reines-Claudes, Quetsches…)", "sous_filiere": 7}}, {"model": "aides.production", "pk": 73, "fields": {"nom": "Pommes", "sous_filiere": 21}}, {"model": "aides.production", "pk": 74, "fields": {"nom": "Poires", "sous_filiere": 21}}, {"model": "aides.production", "pk": 75, "fields": {"nom": "Amandes", "sous_filiere": 40}}, {"model": "aides.production", "pk": 76, "fields": {"nom": "Châtaignes", "sous_filiere": 40}}, {"model": "aides.production", "pk": 77, "fields": {"nom": "Noix", "sous_filiere": 40}}, {"model": "aides.production", "pk": 78, "fields": {"nom": "Noisettes", "sous_filiere": 40}}, {"model": "aides.production", "pk": 79, "fields": {"nom": "Autres fruits à coque", "sous_filiere": 40}}, {"model": "aides.production", "pk": 80, "fields": {"nom": "Kiwi", "sous_filiere": 23}}, {"model": "aides.production", "pk": 81, "fields": {"nom": "Cassis et myrtille", "sous_filiere": 23}}, {"model": "aides.production", "pk": 82, "fields": {"nom": "Framboises", "sous_filiere": 23}}, {"model": "aides.production", "pk": 83, "fields": {"nom": "Groseilles", "sous_filiere": 23}}, {"model": "aides.production", "pk": 84, "fields": {"nom": "Autres petits fruits", "sous_filiere": 23}}, {"model": "aides.production", "pk": 85, "fields": {"nom": "Olives", "sous_filiere": 25}}, {"model": "aides.production", "pk": 86, "fields": {"nom": "Volaille de ponte", "sous_filiere": 31}}, {"model": "aides.production", "pk": 87, "fields": {"nom": "Volaille de chair", "sous_filiere": 31}}, {"model": "aides.groupementproducteurs", "pk": 1, "fields": {"nom": "GIEE", "libelle": "Groupement d'intérêt économique et environnemental", "is_real": true}}, {"model": "aides.groupementproducteurs", "pk": 2, "fields": {"nom": "Coopérative (SCA ou SICA)", "libelle": "SCA (Société coopérative agricole) ou SICA (Société d'intérêt collectif agricole)", "is_real": true}}, {"model": "aides.groupementproducteurs", "pk": 3, "fields": {"nom": "Organisation de producteurs (OP)", "libelle": "", "is_real": false}}, {"model": "aides.groupementproducteurs", "pk": 4, "fields": {"nom": "CUMA", "libelle": "Coopérative d'utilisation de matériel agricole", "is_real": true}}]